playlist_id,title,description,published_at,total_videos,playlist_url
PLWKjhJtqVAbknyJ7hSrf1WKh_Xnv9RL1r,Live Coding with Jesse,,2017-05-05,226,https://www.youtube.com/playlist?list=PLWKjhJtqVAbknyJ7hSrf1WKh_Xnv9RL1r
PLWKjhJtqVAbmDGFE_pZ-PDJ1GWe3KtT-M,Tutorials,,2017-09-19,174,https://www.youtube.com/playlist?list=PLWKjhJtqVAbmDGFE_pZ-PDJ1GWe3KtT-M
PLWKjhJtqVAbl9yptoxdSJDDoTVdcysyPo,Talks,,2018-02-07,115,https://www.youtube.com/playlist?list=PLWKjhJtqVAbl9yptoxdSJDDoTVdcysyPo
PLWKjhJtqVAbm04DK8TSUCRheRjW2P9TR7,the freeCodeCamp.org podcast,"Raw, unedited interviews with developers, done by freeCodeCamp founder Quincy Larson.",2024-01-25,109,https://www.youtube.com/playlist?list=PLWKjhJtqVAbm04DK8TSUCRheRjW2P9TR7
PLWKjhJtqVAbkOoQw0jDWn-pzN3nFVjhbH,React Project 5 - Live Coding with Jesse,"In this project we use React, NextJS, Apollo, GraphQL, MaterialUI, WordPress, WPGraphQL.",2018-03-29,103,https://www.youtube.com/playlist?list=PLWKjhJtqVAbkOoQw0jDWn-pzN3nFVjhbH
PLWKjhJtqVAbmoiNlqLJg1gxEjEuKHHcn_,Beau teaches JavaScript,,2017-02-08,92,https://www.youtube.com/playlist?list=PLWKjhJtqVAbmoiNlqLJg1gxEjEuKHHcn_
PLWKjhJtqVAbnupwRFOq9zGOWjdvPRtCmO,Full Courses in One Video,,2018-08-02,52,https://www.youtube.com/playlist?list=PLWKjhJtqVAbnupwRFOq9zGOWjdvPRtCmO
PLWKjhJtqVAbmfoj2Th9fvxhHIeqFO7wOy,Computer Science and Software Engineering Theory with Briana,,2015-08-03,43,https://www.youtube.com/playlist?list=PLWKjhJtqVAbmfoj2Th9fvxhHIeqFO7wOy
PLWKjhJtqVAbk2qRZtWSzCIN38JC_NdhW5,JavaScript Basics Course,This is a complete JavaScript course!,2017-02-27,36,https://www.youtube.com/playlist?list=PLWKjhJtqVAbk2qRZtWSzCIN38JC_NdhW5
PLWKjhJtqVAbndUuYBE5sVViMIvyzp_dB1,Maths for Programmers,,2016-10-04,35,https://www.youtube.com/playlist?list=PLWKjhJtqVAbndUuYBE5sVViMIvyzp_dB1
PLWKjhJtqVAbkxYR9ly9ksx8UYyCpBRmMc,Jesse Builds a React Project Live,,2017-07-26,34,https://www.youtube.com/playlist?list=PLWKjhJtqVAbkxYR9ly9ksx8UYyCpBRmMc
PLWKjhJtqVAbl1AfjiGyYxwpdAPi5v-1OU,CSS3 in 30 Days,,2018-09-11,31,https://www.youtube.com/playlist?list=PLWKjhJtqVAbl1AfjiGyYxwpdAPi5v-1OU
PLWKjhJtqVAbkArDMazoARtNz1aMwNWmvC,React Tutorials,,2018-09-17,29,https://www.youtube.com/playlist?list=PLWKjhJtqVAbkArDMazoARtNz1aMwNWmvC
PLWKjhJtqVAbmqFs83T4W-FZQ9kK983tZC,Game Programming Tutorials,,2018-08-15,28,https://www.youtube.com/playlist?list=PLWKjhJtqVAbmqFs83T4W-FZQ9kK983tZC
PLWKjhJtqVAbkyQnSv-DNXOKsglcHhYAV2,The Doer Vlog,The Code Vlog by the doer.,2016-12-20,23,https://www.youtube.com/playlist?list=PLWKjhJtqVAbkyQnSv-DNXOKsglcHhYAV2
PLWKjhJtqVAbmMuZ3saqRIBimAKIMYkt0E,Front End Developer Learning Path,"If you want to become a frontend developer, this is where to start. This is our frontend developer learning path. We’ve curated a collection of top-no",2023-08-23,22,https://www.youtube.com/playlist?list=PLWKjhJtqVAbmMuZ3saqRIBimAKIMYkt0E
PLWKjhJtqVAbm8xtgbS_RAj2bYTTO0Coja,Streams,,2016-05-02,21,https://www.youtube.com/playlist?list=PLWKjhJtqVAbm8xtgbS_RAj2bYTTO0Coja
PLWKjhJtqVAblQe2CCWqV4Zy3LY01Z8aF1,Data Science,,2019-01-29,20,https://www.youtube.com/playlist?list=PLWKjhJtqVAblQe2CCWqV4Zy3LY01Z8aF1
PLWKjhJtqVAblStefaz_YOVpDWqcRScc2s,Machine Learning,,2019-01-07,18,https://www.youtube.com/playlist?list=PLWKjhJtqVAblStefaz_YOVpDWqcRScc2s
PLWKjhJtqVAbm5-JxLHvTxSdp8gsTayxPi,Developer Interviews,,2017-02-12,17,https://www.youtube.com/playlist?list=PLWKjhJtqVAbm5-JxLHvTxSdp8gsTayxPi
PLWKjhJtqVAbkzvvpY12KkfiIGso9A_Ixs,DevOps Courses,,2020-06-12,17,https://www.youtube.com/playlist?list=PLWKjhJtqVAbkzvvpY12KkfiIGso9A_Ixs
PLWKjhJtqVAbn5emQ3RRG8gEBqkhf_5vxD,Computer Science Concepts,,2018-05-15,17,https://www.youtube.com/playlist?list=PLWKjhJtqVAbn5emQ3RRG8gEBqkhf_5vxD
PLWKjhJtqVAbn21gs5UnLhCQ82f923WCgM,Back End Developer Learning Path,"If you want to become a backend developer, this is where to start. This is our backend developer learning path. We’ve curated a collection of top-notc",2023-12-14,17,https://www.youtube.com/playlist?list=PLWKjhJtqVAbn21gs5UnLhCQ82f923WCgM
PLWKjhJtqVAbmcla_n9Haxp8PfTGYXIBwP,React Live Coding (Project 4) - Live Coding with Jesse,,2017-11-08,16,https://www.youtube.com/playlist?list=PLWKjhJtqVAbmcla_n9Haxp8PfTGYXIBwP
PLWKjhJtqVAbkmRvnFmOd4KhDdlK1oIq23,Python Basics with Sam,,2020-07-15,14,https://www.youtube.com/playlist?list=PLWKjhJtqVAbkmRvnFmOd4KhDdlK1oIq23
PLWKjhJtqVAbkso-IbgiiP48n-O-JQA9PJ,Data Structures and Algorithms - Beau teaches JavaScript,,2017-02-27,13,https://www.youtube.com/playlist?list=PLWKjhJtqVAbkso-IbgiiP48n-O-JQA9PJ
PLWKjhJtqVAblfum5WiQblKPwIbqYXkDoC,Popular Programming Courses,,2019-09-27,13,https://www.youtube.com/playlist?list=PLWKjhJtqVAblfum5WiQblKPwIbqYXkDoC
PLWKjhJtqVAblh4QvUtzEq4qgs_bnvBrw2,React Native Web (Project 7) - Live Coding with Jesse,,2019-01-18,13,https://www.youtube.com/playlist?list=PLWKjhJtqVAblh4QvUtzEq4qgs_bnvBrw2
PLWKjhJtqVAbnqBxcdjVGgT3uVR10bzTEB,Python Tutorials,A collection of Python tutorials.,2018-10-31,12,https://www.youtube.com/playlist?list=PLWKjhJtqVAbnqBxcdjVGgT3uVR10bzTEB
PLWKjhJtqVAbluXJKKbCIb4xd7fcRkpzoz,CS50's Introduction to Game Development,,2019-01-31,12,https://www.youtube.com/playlist?list=PLWKjhJtqVAbluXJKKbCIb4xd7fcRkpzoz
PLWKjhJtqVAbkFiqHnNaxpOPhh9tSWMXIF,Git & GitHub,,2016-09-17,11,https://www.youtube.com/playlist?list=PLWKjhJtqVAbkFiqHnNaxpOPhh9tSWMXIF
PLWKjhJtqVAbllLK6r2dnGjUVWB_cFNcuO,JavaScript and the HTML DOM - Tutorial Playlist,,2017-04-20,11,https://www.youtube.com/playlist?list=PLWKjhJtqVAbllLK6r2dnGjUVWB_cFNcuO
PLWKjhJtqVAblzbwhT83fRh5nNSHqywxrw,Networks,,2016-09-17,10,https://www.youtube.com/playlist?list=PLWKjhJtqVAblzbwhT83fRh5nNSHqywxrw
PLWKjhJtqVAbl5SlE6aBHzUVZ1e6q1Wz0v,Mathematics,,2020-07-22,10,https://www.youtube.com/playlist?list=PLWKjhJtqVAbl5SlE6aBHzUVZ1e6q1Wz0v
PLWKjhJtqVAbkyK9woUZUtunToLtNGoQHB,jQuery - Beau teaches JavaScript,,2017-07-17,10,https://www.youtube.com/playlist?list=PLWKjhJtqVAbkyK9woUZUtunToLtNGoQHB
PLWKjhJtqVAbljtmmeS0c-CEl2LdE-eR_F,ES6 - Beau teaches JavaScript,,2017-02-27,10,https://www.youtube.com/playlist?list=PLWKjhJtqVAbljtmmeS0c-CEl2LdE-eR_F
PLWKjhJtqVAbnSe1qUNMG7AbPmjIG54u88,HTML and CSS Tutorials,A collection of HTML tutorials.,2018-10-15,10,https://www.youtube.com/playlist?list=PLWKjhJtqVAbnSe1qUNMG7AbPmjIG54u88
PLWKjhJtqVAbk7zM11M36sGvU29hB8EDC4,The Daily Programmer,,2017-07-14,9,https://www.youtube.com/playlist?list=PLWKjhJtqVAbk7zM11M36sGvU29hB8EDC4
PLWKjhJtqVAbmGw5fN5BQlwuug-8bDmabi,Introduction to Computer Science - Harvard's CS50,,2019-01-22,9,https://www.youtube.com/playlist?list=PLWKjhJtqVAbmGw5fN5BQlwuug-8bDmabi
PLWKjhJtqVAbm0gPNunWf4pr4xV8I3Geh-,Agile Software Development,,2017-07-04,9,https://www.youtube.com/playlist?list=PLWKjhJtqVAbm0gPNunWf4pr4xV8I3Geh-
PLWKjhJtqVAbleDe3_ZA8h3AO2rXar-q2V,JavaScript Tutorials,A collection of JavaScript tutorials.,2018-12-07,9,https://www.youtube.com/playlist?list=PLWKjhJtqVAbleDe3_ZA8h3AO2rXar-q2V
PLWKjhJtqVAbkPX-lJHxjXdsw19vbXIZpz,Vue.js Live Coding with Gwen,,2020-07-30,8,https://www.youtube.com/playlist?list=PLWKjhJtqVAbkPX-lJHxjXdsw19vbXIZpz
PLWKjhJtqVAblNvGKk6aQVPAJHxrRXxHTs,Angular Tutorials,,2018-12-18,8,https://www.youtube.com/playlist?list=PLWKjhJtqVAblNvGKk6aQVPAJHxrRXxHTs
PLWKjhJtqVAbmGQoa3vFjeRbRADAOC9drk,Node.js Tutorials,,2018-12-17,8,https://www.youtube.com/playlist?list=PLWKjhJtqVAbmGQoa3vFjeRbRADAOC9drk
PLWKjhJtqVAbkK24EaPurzMq0-kw5U9pJh,Clean Code - Beau teaches JavaScript,,2017-02-27,8,https://www.youtube.com/playlist?list=PLWKjhJtqVAbkK24EaPurzMq0-kw5U9pJh
PLWKjhJtqVAbmUE5IqyfGYEYjrZBYzaT4m,C / C++,,2021-09-27,8,https://www.youtube.com/playlist?list=PLWKjhJtqVAbmUE5IqyfGYEYjrZBYzaT4m
PLWKjhJtqVAbmSg8HtUEs0SJ-mzBIN3nEm,A day at...,,2017-07-05,8,https://www.youtube.com/playlist?list=PLWKjhJtqVAbmSg8HtUEs0SJ-mzBIN3nEm
PLWKjhJtqVAbkXQS12WiLsH1oaNZBSoWuV,Serverless,,2018-07-18,7,https://www.youtube.com/playlist?list=PLWKjhJtqVAbkXQS12WiLsH1oaNZBSoWuV
PLWKjhJtqVAblKO_wHAvlpZwAYvYPbHKOp,Front End Web Development,"Learn the basics of front end web development from freeCodeCamp.org. You will learn everything you need to know to start creating websites, including ",2025-04-18,7,https://www.youtube.com/playlist?list=PLWKjhJtqVAblKO_wHAvlpZwAYvYPbHKOp
PLWKjhJtqVAbnQ048Pa8sAqJoVRhx8TJtM,Some of our Nonprofit Projects,,2016-04-17,7,https://www.youtube.com/playlist?list=PLWKjhJtqVAbnQ048Pa8sAqJoVRhx8TJtM
PLWKjhJtqVAbmh6kzCSUon-SoTaMvXnHMB,Unity Tutorials,A collection of Unity tutorials.,2018-12-18,7,https://www.youtube.com/playlist?list=PLWKjhJtqVAbmh6kzCSUon-SoTaMvXnHMB
PLWKjhJtqVAbnklGh3FNRLECx_2D_vK3mu,Ethical Hacking,,2019-01-16,7,https://www.youtube.com/playlist?list=PLWKjhJtqVAbnklGh3FNRLECx_2D_vK3mu
PLWKjhJtqVAbnadueQ-C5keMQQiQau_i0D,Full Stack Web App in Vue.js & Express.js,,2017-09-06,7,https://www.youtube.com/playlist?list=PLWKjhJtqVAbnadueQ-C5keMQQiQau_i0D
PLWKjhJtqVAbnRT_hue-3zyiuIYj0OlpyG,Java Tutorials,,2019-05-21,7,https://www.youtube.com/playlist?list=PLWKjhJtqVAbnRT_hue-3zyiuIYj0OlpyG
PLWKjhJtqVAbmR4Wi1LxJsx0Tnx3qugnrU,Brain Computer App with React Native - Live Coding with Jesse,,2020-03-28,7,https://www.youtube.com/playlist?list=PLWKjhJtqVAbmR4Wi1LxJsx0Tnx3qugnrU
PLWKjhJtqVAblvI1i46ScbKV2jH1gdL7VQ,Data Analysis with Python Course,,2020-08-13,6,https://www.youtube.com/playlist?list=PLWKjhJtqVAblvI1i46ScbKV2jH1gdL7VQ
PLWKjhJtqVAblv09G3sFgRMSeR0jnKQmJ9,Coding Interview,,2019-04-12,6,https://www.youtube.com/playlist?list=PLWKjhJtqVAblv09G3sFgRMSeR0jnKQmJ9
PLWKjhJtqVAbm3T2Eq1_KgloC7ogdXxdRa,Deep Learning with PyTorch Live Course,,2020-05-26,6,https://www.youtube.com/playlist?list=PLWKjhJtqVAbm3T2Eq1_KgloC7ogdXxdRa
PLWKjhJtqVAblMiJPkJBny7WbfTYc6z27r,Alexa Skill Development,,2018-07-13,5,https://www.youtube.com/playlist?list=PLWKjhJtqVAblMiJPkJBny7WbfTYc6z27r
PLWKjhJtqVAbm5dir5TLEy2aZQMG7cHEZp,Deep Learning with PyTorch Course - December 2020,,2020-12-04,4,https://www.youtube.com/playlist?list=PLWKjhJtqVAbm5dir5TLEy2aZQMG7cHEZp
PLWKjhJtqVAbnZtkAI3BqcYxKnfWn_C704,Design Patterns - Beau teaches JavaScript,,2017-02-27,4,https://www.youtube.com/playlist?list=PLWKjhJtqVAbnZtkAI3BqcYxKnfWn_C704
PLWKjhJtqVAbnUeereoJWjWOhlcWUynq_Z,Ask Preethi,,2017-07-04,4,https://www.youtube.com/playlist?list=PLWKjhJtqVAbnUeereoJWjWOhlcWUynq_Z
PLWKjhJtqVAbkoMsX4hgwxbJZW4aB0cbaB,PHP Tutorials,,2019-05-07,3,https://www.youtube.com/playlist?list=PLWKjhJtqVAbkoMsX4hgwxbJZW4aB0cbaB
PLWKjhJtqVAblFnET3DbnAik--u4CBz62G,Django Tutorials,,2019-04-23,3,https://www.youtube.com/playlist?list=PLWKjhJtqVAblFnET3DbnAik--u4CBz62G
PLWKjhJtqVAbnon7MZndnKeGEfQbXjwOqd,WordPress,,2019-03-11,3,https://www.youtube.com/playlist?list=PLWKjhJtqVAbnon7MZndnKeGEfQbXjwOqd
PLWKjhJtqVAbmqk3-E3MPFVoWMufdbR4qW,Logic for Programmers,,2018-08-20,2,https://www.youtube.com/playlist?list=PLWKjhJtqVAbmqk3-E3MPFVoWMufdbR4qW
PLWKjhJtqVAbkq5Oh8ERRJ1aPZK2NKBSRx,C# Tutorials,,2019-03-25,2,https://www.youtube.com/playlist?list=PLWKjhJtqVAbkq5Oh8ERRJ1aPZK2NKBSRx
PLWKjhJtqVAbkE0Or3HVMRTy-mq_wFUNVv,Vue.js,,2019-03-19,2,https://www.youtube.com/playlist?list=PLWKjhJtqVAbkE0Or3HVMRTy-mq_wFUNVv
PLWKjhJtqVAbko4Ob-wS8spASazBNlf4tT,Senior Developer Skills,,2016-10-30,2,https://www.youtube.com/playlist?list=PLWKjhJtqVAbko4Ob-wS8spASazBNlf4tT
PLWKjhJtqVAbmnstg9rF7jCo1LO3hC7p4r,Resume Reviews,,2018-10-30,2,https://www.youtube.com/playlist?list=PLWKjhJtqVAbmnstg9rF7jCo1LO3hC7p4r
PLWKjhJtqVAbloeeXn1-G1qKQLr006B9n6,Top Contributor Parties,,2018-09-28,1,https://www.youtube.com/playlist?list=PLWKjhJtqVAbloeeXn1-G1qKQLr006B9n6
PLWKjhJtqVAbkfiXnJ3BRB9kFO-IUV4vWg,freeCodeCamp Hackathon,,2018-11-15,1,https://www.youtube.com/playlist?list=PLWKjhJtqVAbkfiXnJ3BRB9kFO-IUV4vWg
PLWKjhJtqVAbkPz27wpMpBdNbF8wzH_lWh,App Development Tutorials,,2019-05-17,1,https://www.youtube.com/playlist?list=PLWKjhJtqVAbkPz27wpMpBdNbF8wzH_lWh
PLWKjhJtqVAbmfeXEWjfX3PmcMPVeGEc-0,Developer Ethics,,2017-06-05,0,https://www.youtube.com/playlist?list=PLWKjhJtqVAbmfeXEWjfX3PmcMPVeGEc-0
